level,test_size,split_seed,recall,specificity,dice,tp,tn,fp,fn
6,40,,0.72464507,0.99360827,0.81150053,717545,9434865,60693,272657
ALL_DEFINED_MEAN,40,,0.72464507,0.99360827,0.81150053,717545,9434865,60693,272657
