level;test_size;split_seed;recall;specificity;dice;tp;tn;fp;fn
1;14407;;0.92551595;0.80899413;0.82251866;460905396;685351378;161813458;37092932
2;3722;;0.90532136;0.90732715;0.88740295;116016404;169458373;17308189;12133012
3;1011;;0.84720821;0.93512185;0.88217744;28936488;36189801;2510825;5218620
4;303;;0.77693621;0.93296617;0.84730464;7495966;7649218;549598;2152144
5;106;;0.72251523;0.93690533;0.80765451;1977746;2709266;182452;759561
6;40;;0.77958501;0.95725857;0.84851698;544148;905737;40441;153849
ALL_DEFINED_MEAN;19589;;0.82618033;0.91309553;0.84926253;615876148;902263773;182404963;57510118
