level,test_size,split_seed,recall,specificity,dice_micro,dice_micro_empty1,dice_mean_excl_empty,dice_mean_empty1,dice_undefined_tiles,tp,tn,fp,fn
3,1276,,0.84976911,0.91262480,0.80929819,0.80929819,0.61220625,0.82129881,688,14246318,43820009,4195352,2518610
ALL_DEFINED_MEAN,1276,,0.84976911,0.91262480,0.80929819,0.80929819,0.61220625,0.82129881,688,14246318,43820009,4195352,2518610
