level,test_size,split_seed,recall,specificity,dice_micro,dice_micro_empty1,dice_mean_excl_empty,dice_mean_empty1,dice_undefined_tiles,tp,tn,fp,fn
3,1276,,0.85301197,0.91916475,0.81735947,0.81735947,0.62938521,0.82834377,685,14249286,44490382,3912673,2455387
ALL_DEFINED_MEAN,1276,,0.85301197,0.91916475,0.81735947,0.81735947,0.62938521,0.82834377,685,14249286,44490382,3912673,2455387
