level,test_size,split_seed,recall,specificity,dice_micro,dice_micro_empty1,dice_mean_excl_empty,dice_mean_empty1,dice_undefined_tiles,tp,tn,fp,fn
3,294,45,0.86467979,0.89611267,0.82785355,0.82785355,0.69069859,0.83903702,141,4473382,10008919,1160345,700073
ALL_DEFINED_MEAN,294,,0.86467979,0.89611267,0.82785355,0.82785355,0.69069859,0.83903702,141,4473382,10008919,1160345,700073
