level,test_size,split_seed,recall,specificity,dice_micro,dice_micro_empty1,dice_mean_excl_empty,dice_mean_empty1,dice_undefined_tiles,tp,tn,fp,fn
3,294,45,0.87745182,0.91236684,0.84517177,0.84517177,0.69983382,0.84277010,140,4794853,11317866,1087085,669667
ALL_DEFINED_MEAN,294,,0.87745182,0.91236684,0.84517177,0.84517177,0.69983382,0.84277010,140,4794853,11317866,1087085,669667
