level,test_size,split_seed,recall,specificity,dice,tp,tn,fp,fn
3,1570,union_seed45,0.87939286,0.89343629,0.80987069,19495430,54328079,6479927,2673763
ALL_DEFINED_MEAN,1570,,0.87939286,0.89343629,0.80987069,19495430,54328079,6479927,2673763
