level,test_size,split_seed,recall,specificity,dice,tp,tn,fp,fn
1,2149,,0.60186727,0.71378780,0.29151833,11492824,120355984,48259932,7602456
2,586,,0.30764801,0.77668905,0.19979552,1637016,32794043,9428830,3684052
3,163,,0.19248899,0.87096801,0.18256413,299207,9613447,1424211,1255204
4,52,,0.02265094,0.98439498,0.04052819,9226,2444426,38750,398086
5,18,,0.00157102,0.99979971,0.00313118,164,988351,198,104227
6,10,,0.13095782,0.99093270,0.18353029,3440,850139,7779,22828
ALL_DEFINED_MEAN,2978,,0.20953067,0.88942871,0.15017794,13441877,167046390,59159700,13066853
