level,test_size,split_seed,recall,specificity,dice,tp,tn,fp,fn
1,151,,0.52118415,0.60377638,0.39915804,2531775,8070290,5296066,2325961
2,54,,0.57267639,0.61381392,0.39413448,782958,2897365,1822901,584233
3,20,,0.26803368,0.88267142,0.28986428,96219,1569990,208690,262762
4,11,,0.43369643,0.91259107,0.40746407,43279,724162,69361,56512
5,7,,0.33180083,0.98021171,0.38746957,8516,484204,9775,17150
6,4,,0.19355843,0.99817688,0.30716049,1244,234882,429,5183
ALL_DEFINED_MEAN,247,,0.38682498,0.83187356,0.36420849,3463991,13980893,7407222,3251801
