level,test_size,split_seed,accuracy,mean_fg_dice,neg_dice,neg_recall,neg_specificity,pos_dice,pos_recall,pos_specificity,neg_tp,neg_tn,neg_fp,neg_fn,pos_tp,pos_tn,pos_fp,pos_fn
1,3254,,0.89381374,0.19787936,0.02944938,0.03738943,0.99093021,0.36630934,0.23044990,0.99617592,181628,797085227,7295565,4676108,22568135,708587666,2720097,75362630
2,932,,0.88009742,0.00009734,0.00000000,0.00000000,0.99999993,0.00019467,0.00009737,0.99996252,0,230368090,15,1367191,2572,205314084,7695,26410945
3,304,,0.91630428,0.37683456,0.23384651,0.24913853,0.99583147,0.51982261,0.44115091,0.97338987,89436,75608428,316495,269545,3166868,67266354,1838900,4011782
4,110,,0.93409820,0.23007459,0.13017889,0.12367849,0.99727881,0.32997029,0.22560475,0.98972385,12342,28396422,77483,87449,435539,26369367,273789,1495001
5,52,,0.96441262,0.26020245,0.13238487,0.26248734,0.99490101,0.38802003,0.28724117,0.99268544,6737,13536446,69376,18929,142758,13038418,96073,354239
6,24,,0.97925806,0.17902416,0.08364850,0.11700638,0.99828147,0.27439982,0.17770848,0.99759096,752,6274228,10801,5675,22454,6150251,14852,103899
ALL_DEFINED_MEAN,4676,,0.92799739,0.20735208,0.10158469,0.13161670,0.99620382,0.31311946,0.22704210,0.99158809,290895,1151268841,7769735,6424897,26338326,1026726140,4951406,107738496
