level,test_size,split_seed,recall,specificity,dice,tp,tn,fp,fn
1,3103,,0.98444755,0.58916986,0.68947866,96407702,122350535,85315444,1523063
2,878,,0.94200042,0.77216932,0.79605812,24881544,38016311,11216817,1531973
3,284,,0.87190642,0.83907587,0.79809911,6259111,11717593,2247286,919539
4,99,,0.90382898,0.78969507,0.76362643,1744878,3359073,894560,185662
5,45,,0.56939780,0.92755289,0.63079468,282989,1501300,117260,214008
6,20,,0.48582938,0.93078134,0.51254947,61386,696459,51793,64967
ALL_DEFINED_MEAN,4429,,0.79290176,0.80807406,0.69843441,129637610,177641271,99843160,4439212
